Cycle,Acc/Rej,Potential,BasicP,BendingP,DihedralP,Rg,Re,randomProb,boltzman
0,true,-487.268801,-172.422446,-167.978108,-146.868247,5.923228,11.181832,NaN,NaN
100,false,-478.688954,-167.061277,-166.317150,-145.310528,6.034388,12.600723,0.227197,0.000000
200,true,-481.439823,-169.788814,-165.376956,-146.274053,5.958005,11.447956,0.612738,2.653280
300,false,-481.295737,-168.313496,-167.680156,-145.302085,6.059309,11.545113,0.490372,0.000004
400,false,-475.698847,-165.895134,-166.664846,-143.138867,6.004417,10.168916,0.334624,0.000000
500,false,-477.980564,-168.395716,-165.561370,-144.023478,6.088106,10.696488,0.118219,0.000000
600,false,-473.242299,-162.329370,-167.102450,-143.810479,6.149877,11.476174,0.618634,0.000000
700,false,-473.554747,-165.943554,-166.000689,-141.610504,6.069962,10.604385,0.676847,0.360571
800,false,-477.155383,-168.941716,-165.672244,-142.541422,6.117346,11.032359,0.607523,0.000003
900,false,-475.770008,-162.833796,-168.714877,-144.221335,6.006233,10.734780,0.209839,0.000000
1000,false,-479.219649,-167.769415,-167.110105,-144.340130,6.078258,10.710719,0.078181,0.000000
1100,true,-469.144441,-162.779158,-165.672671,-140.692612,6.030148,14.448386,0.161924,0.255614
1200,true,-458.665793,-158.737399,-163.395244,-136.533150,6.064571,12.993248,0.773512,1.000000
1300,false,-458.680683,-158.443599,-163.580701,-136.656383,6.136035,11.843312,0.494064,0.281980
1400,false,-460.748555,-159.769401,-165.540921,-135.438233,6.097351,9.203321,0.675718,0.000000
1500,false,-463.989457,-160.212873,-166.015372,-137.761212,6.110076,9.869727,0.489936,0.000000
1600,false,-462.127604,-159.970234,-164.742991,-137.414380,6.120090,10.764534,0.720988,0.000000
1700,false,-458.898945,-156.912488,-164.384621,-137.601837,6.154782,12.159908,0.753830,0.000000
1800,true,-457.677724,-151.176537,-166.279507,-140.221680,6.317746,11.536347,0.455601,1.103681
1900,true,-462.888769,-156.427987,-166.440773,-140.020009,6.119961,11.593740,0.899951,8.390508
2000,false,-469.633995,-163.519542,-165.751322,-140.363132,6.137611,13.043327,0.133425,0.086897
2100,false,-471.028726,-167.732614,-165.239454,-138.056658,6.082537,11.127596,0.433119,0.000000
2200,false,-461.020039,-159.470276,-164.393737,-137.156026,6.177596,12.707952,0.754826,0.017925
2300,false,-470.025073,-167.350964,-163.692527,-138.981583,6.015515,12.395350,0.320891,0.001412
2400,false,-470.165270,-166.162691,-163.936592,-140.065986,5.818311,10.516869,0.546991,0.000000
2500,false,-466.323199,-163.203302,-164.982681,-138.137216,6.015951,11.697048,0.757073,0.000000
2600,true,-463.500323,-160.140508,-164.499829,-138.859986,5.966402,12.765176,0.385642,1.083910
2700,false,-467.098736,-160.487649,-166.790564,-139.820523,6.038472,13.773126,0.616649,0.222164
2800,true,-464.986798,-158.581712,-167.431651,-138.973435,6.042186,13.205469,0.658170,1.000000
2900,true,-463.016806,-155.332747,-164.410257,-143.273801,6.167374,14.948322,0.102114,1.000000
3000,false,-471.124818,-162.059140,-163.392342,-145.673336,6.082183,12.634512,0.068168,0.000000
3100,false,-470.981601,-162.611752,-164.641146,-143.728703,6.058415,11.027595,0.081207,0.000000
3200,false,-471.541643,-164.408586,-165.041262,-142.091794,6.060036,13.972999,0.881374,0.000000
3300,false,-473.892515,-169.140098,-164.119458,-140.632960,6.098592,16.745396,0.616062,0.237484
3400,true,-468.333451,-162.425794,-164.143566,-141.764092,6.063744,16.965212,0.113014,1.000000
3500,false,-468.271766,-163.197689,-164.610177,-140.463899,6.178881,18.568518,0.183751,0.017099
3600,false,-471.442376,-169.024128,-163.108329,-139.309918,6.032783,17.004545,0.156561,0.000123
3700,true,-470.655427,-166.842090,-164.332112,-139.481224,6.087866,16.380368,0.088249,1.093028
3800,false,-468.577414,-165.979498,-162.665577,-139.932339,5.969074,16.767486,0.353892,0.000000
3900,true,-463.099403,-165.539423,-162.205615,-135.354366,6.119967,15.155029,0.563790,1.035332
4000,false,-469.107722,-167.913288,-163.665811,-137.528624,5.879547,14.926499,0.006855,0.000000
4100,false,-470.500729,-169.359101,-163.618638,-137.522990,5.918610,14.973508,0.069640,0.000279
4200,false,-473.102346,-169.327419,-165.096882,-138.678045,5.979346,14.949212,0.330240,0.063458
4300,true,-475.418759,-171.908569,-165.047565,-138.462625,5.923039,14.471586,0.276271,1.556116
4400,false,-473.377664,-168.152915,-165.243885,-139.980865,5.947978,14.486379,0.846160,0.000000
4500,true,-472.553195,-166.113296,-164.166226,-142.273673,5.887478,15.809468,0.242946,0.796593
4600,true,-477.021412,-167.093254,-164.236170,-145.691988,5.905496,14.501070,0.719834,1.000000
4700,true,-473.984559,-165.988945,-164.125250,-143.870364,5.967938,14.291502,0.286701,1.000000
4800,false,-474.114574,-165.070702,-164.375390,-144.668483,6.010675,14.334933,0.536780,0.000000
4900,false,-480.542065,-168.256535,-166.332166,-145.953363,5.925514,13.066832,0.042745,0.000157
5000,true,-473.083775,-161.007729,-164.009492,-148.066555,5.991036,13.581331,0.021410,0.136049
5100,true,-464.190664,-153.037768,-164.851320,-146.301576,6.096290,14.135343,0.216258,1.000000
5200,false,-460.443303,-150.613949,-165.561364,-144.267989,6.061284,13.015303,0.197035,0.000000
5300,false,-468.936983,-159.264492,-165.277206,-144.395285,6.042560,12.678033,0.525598,0.000000
5400,false,-478.877165,-168.268639,-165.484466,-145.124059,5.961930,12.873318,0.487274,0.000000
5500,true,-476.570919,-170.354901,-163.939061,-142.276957,5.835117,12.357071,0.336913,1.751153
5600,true,-479.409897,-171.112055,-164.246321,-144.051521,5.883628,11.379364,0.258875,0.314189
5700,false,-466.763795,-159.003385,-164.729670,-143.030740,5.899615,12.536172,0.490164,0.000000
5800,false,-469.011958,-160.076657,-164.054611,-144.880690,5.828075,12.764262,0.305928,0.000005
5900,true,-456.076160,-148.422663,-162.730030,-144.923467,6.064958,14.072354,0.816544,0.932908
6000,false,-461.316274,-152.972674,-163.627096,-144.716504,6.096029,13.723402,0.775503,0.501404
6100,false,-473.580431,-165.141339,-164.452787,-143.986305,6.030251,12.919727,0.847319,0.787386
6200,false,-471.021884,-162.668975,-163.894018,-144.458891,6.095961,14.228237,0.034680,0.000000
6300,true,-465.266184,-159.919773,-161.078018,-144.268393,6.049889,13.553715,0.214056,0.893775
6400,false,-468.763297,-158.383666,-164.858520,-145.521111,5.931259,13.651644,0.978989,0.055476
6500,true,-474.738120,-169.857433,-162.556455,-142.324231,5.919945,14.453730,0.240275,0.760875
6600,false,-475.324857,-168.855127,-164.642022,-141.827708,5.922085,14.045635,0.282264,0.000000
6700,true,-471.710909,-166.637630,-164.189224,-140.884055,5.883569,15.285918,0.224495,0.260145
6800,false,-476.502475,-169.681020,-165.688571,-141.132884,5.762917,11.816880,0.087887,0.000005
6900,false,-475.681119,-169.649814,-165.068315,-140.962990,5.761558,11.893166,0.914694,0.565295
7000,false,-473.774457,-169.998363,-162.085972,-141.690122,5.781487,12.301291,0.641458,0.000000
7100,true,-472.351502,-168.371733,-161.332401,-142.647368,5.792832,12.544643,0.674169,2.034178
7200,false,-473.210361,-167.774951,-163.118975,-142.316435,5.807207,13.020693,0.364853,0.000000
7300,false,-468.805224,-161.573764,-165.195518,-142.035943,5.884292,14.235805,0.838807,0.313810
7400,false,-472.006944,-166.088046,-163.794594,-142.124303,5.855205,13.945951,0.871701,0.055944
7500,false,-465.863734,-159.177290,-164.362457,-142.323988,5.897233,13.319115,0.765761,0.000948
7600,false,-469.599652,-161.313276,-164.230446,-144.055929,5.910667,14.119038,0.424261,0.000003
7700,true,-467.932751,-158.683006,-164.525558,-144.724187,5.952637,13.832245,0.073530,1.000000
7800,false,-471.035426,-162.009727,-164.932394,-144.093305,5.881871,13.029370,0.331707,0.000001
7900,true,-468.437293,-157.662565,-166.763013,-144.011715,5.926386,13.926222,0.573449,0.892179
8000,true,-477.573789,-166.260082,-167.295501,-144.018206,5.819844,13.271954,0.789821,1.000000
8100,false,-475.221752,-166.129559,-165.357667,-143.734526,5.814660,13.228940,0.392583,0.003034
8200,false,-473.174648,-165.652172,-164.140928,-143.381548,5.873247,13.774053,0.662088,0.000000
8300,true,-479.095605,-169.194503,-166.447892,-143.453210,5.705278,13.491658,0.788024,1.015782
8400,false,-479.496957,-169.807830,-166.356087,-143.333040,5.734825,13.728518,0.702199,0.000000
8500,false,-480.018671,-169.961934,-166.396516,-143.660221,5.750678,13.937400,0.152604,0.000000
8600,false,-474.554510,-164.707558,-166.452918,-143.394034,5.790443,14.488863,0.717965,0.000000
8700,false,-472.587221,-164.192430,-165.371721,-143.023070,5.821105,14.217645,0.712004,0.000000
8800,true,-472.072761,-163.378589,-165.552531,-143.141641,5.827910,14.205360,0.176629,0.211166
8900,false,-471.641257,-163.128373,-165.651546,-142.861338,5.742034,12.551203,0.413272,0.000000
9000,false,-476.886335,-167.459427,-166.412977,-143.013931,5.775671,13.707687,0.751590,0.000000
9100,false,-476.545488,-167.702726,-167.261905,-141.580857,5.738928,11.960670,0.504752,0.000000
9200,false,-474.814950,-165.830470,-166.520652,-142.463828,5.789864,11.803575,0.310532,0.000000
9300,false,-474.685777,-166.916012,-166.728793,-141.040973,5.786532,12.201910,0.307416,0.000000
9400,false,-471.256180,-163.181012,-167.016399,-141.058769,5.830300,11.573903,0.844959,0.000000
9500,true,-470.183444,-163.463204,-165.486517,-141.233723,5.855927,11.658571,0.677597,1.000000
9600,false,-461.436102,-155.810175,-164.486885,-141.139041,5.956436,10.906893,0.841136,0.000003
9700,false,-458.323897,-152.884533,-163.521264,-141.918100,6.025670,11.627787,0.661140,0.000000
9800,true,-465.901364,-160.454131,-165.615585,-139.831648,5.800675,12.004504,0.592435,1.000000
9900,false,-471.243235,-164.882996,-165.798514,-140.561724,5.825967,11.157350,0.838946,0.000001
10000,false,-472.869698,-167.499908,-164.873359,-140.496430,5.825559,10.671603,0.953090,0.000000
10100,false,-472.521822,-167.164579,-164.360158,-140.997085,5.846223,10.564530,0.863935,0.000000
10200,true,-473.808451,-168.534936,-164.102317,-141.171198,5.789114,10.978099,0.033357,2.027682
10300,true,-466.747055,-160.442255,-164.156488,-142.148312,5.854946,13.248045,0.689404,1.852507
10400,false,-472.640553,-164.463269,-165.960031,-142.217253,5.746716,11.596224,0.336081,0.000000
10500,false,-472.422487,-166.072653,-166.115246,-140.234588,5.734375,11.399965,0.988799,0.000000
10600,false,-472.633794,-170.124626,-162.993846,-139.515323,5.721278,11.372397,0.834667,0.000000
10700,false,-471.474895,-169.563699,-162.097435,-139.813761,5.782683,13.002798,0.266890,0.000000
10800,true,-463.955537,-162.607758,-161.314747,-140.033032,5.804081,13.911689,0.492456,15.376131
10900,false,-463.656859,-157.865195,-165.405493,-140.386171,5.922424,12.962620,0.162352,0.000000
11000,false,-472.346365,-168.603423,-162.594237,-141.148705,5.867149,13.527210,0.723517,0.003859
11100,false,-481.629316,-176.312902,-164.313250,-141.003164,5.689891,11.627251,0.441755,0.013004
11200,true,-474.601090,-170.256385,-163.502967,-140.841738,5.714455,12.396233,0.294831,1.000000
11300,false,-472.892127,-170.765854,-161.912666,-140.213607,5.762837,12.417219,0.184956,0.000000
11400,false,-480.267529,-175.018492,-163.807389,-141.441648,5.775873,11.222019,0.169894,0.000000
11500,true,-477.726384,-171.000627,-164.467222,-142.258535,5.809431,11.323790,0.661901,1.000000
11600,false,-476.535534,-171.523378,-163.208151,-141.804005,5.852215,11.457749,0.793717,0.000000
11700,false,-479.705498,-175.592764,-163.148189,-140.964545,5.735019,11.344291,0.400831,0.000000
11800,false,-472.321947,-167.637186,-164.213699,-140.471062,5.807466,12.014664,0.319235,0.000000
11900,true,-471.486665,-170.798963,-160.724563,-139.963139,5.835753,10.818410,0.947894,1.000000
12000,true,-478.387022,-174.846522,-161.915991,-141.624509,5.850637,11.083492,0.275129,0.407662
12100,true,-471.804812,-169.067929,-161.105973,-141.630910,5.884376,12.109758,0.818168,1.000000
12200,true,-470.340188,-169.319617,-159.617544,-141.403027,5.941773,10.871613,0.175042,0.531054
12300,false,-469.675378,-169.075506,-159.464233,-141.135639,5.834812,11.009196,0.138083,0.000428
12400,true,-471.363593,-171.518769,-159.560445,-140.284379,5.855261,10.404370,0.568211,1.210189
12500,true,-467.853540,-169.808464,-157.890348,-140.154728,5.932376,11.573841,0.479254,0.588968
12600,true,-463.046617,-163.417879,-160.012106,-139.616632,5.973832,11.301370,0.031500,0.244406
12700,false,-478.285435,-177.714752,-159.424872,-141.145811,5.837792,12.257716,0.383718,0.000001
12800,false,-474.618023,-174.907740,-159.180047,-140.530236,5.890171,12.136257,0.602846,0.000007
12900,false,-480.562798,-176.611228,-161.420443,-142.531128,5.798470,11.708284,0.080583,0.000000
13000,true,-479.081016,-176.096982,-160.278903,-142.705131,5.823497,11.401104,0.156098,1.000000
13100,false,-474.597240,-173.519479,-159.539300,-141.538460,5.840870,11.089764,0.894069,0.128511
13200,false,-471.540611,-169.354404,-160.835516,-141.350691,5.861251,11.195679,0.217278,0.000525
13300,false,-477.234809,-174.964762,-161.852681,-140.417367,5.867510,11.206049,0.842976,0.173967
13400,false,-478.800343,-176.995710,-161.349934,-140.454699,5.785081,10.769344,0.722239,0.000000
13500,false,-476.139538,-173.833517,-161.595845,-140.710176,5.890300,11.298766,0.931538,0.003733
13600,true,-472.754891,-170.998513,-161.336472,-140.419906,5.816895,11.727307,0.215729,0.437993
13700,true,-469.347098,-167.535884,-160.880081,-140.931133,5.828487,12.200168,0.631698,1.000000
13800,true,-472.752458,-171.413085,-160.162634,-141.176738,5.907304,12.430118,0.991866,1.000000
13900,true,-472.354197,-174.458790,-159.018711,-138.876696,5.874978,12.343407,0.056780,1.000000
14000,false,-469.249674,-171.113257,-157.307281,-140.829135,5.978622,13.083704,0.676013,0.000000
14100,false,-475.958894,-173.837435,-160.496181,-141.625278,5.890877,12.823685,0.326574,0.000000
14200,true,-470.653577,-166.804674,-160.185201,-143.663701,5.875463,10.986831,0.748069,1.000000
14300,false,-476.258042,-174.438062,-160.900249,-140.919732,5.870172,11.704709,0.623820,0.001594
14400,false,-472.737557,-170.375696,-160.505839,-141.856022,5.922525,12.277580,0.507156,0.000042
14500,false,-471.806691,-170.172619,-159.290843,-142.343229,5.812201,11.761805,0.442107,0.000000
14600,true,-474.033496,-171.816358,-160.566066,-141.651071,5.827113,11.249025,0.977714,1.000000
14700,false,-474.246201,-172.779258,-159.255256,-142.211687,5.844433,11.855460,0.525169,0.000000
14800,true,-471.751241,-171.403567,-158.891220,-141.456454,5.868615,11.575068,0.257011,1.000000
14900,false,-475.247681,-175.125173,-159.447238,-140.675270,5.856200,11.993669,0.997595,0.000000
15000,false,-472.398399,-171.688278,-159.211374,-141.498747,5.884051,12.693769,0.804048,0.000004
15100,true,-469.461807,-168.732102,-160.256924,-140.472780,5.885445,12.246961,0.186940,0.370624
15200,false,-472.323810,-169.960726,-161.288493,-141.074592,5.966382,11.629857,0.169878,0.000000
15300,true,-468.565674,-167.021000,-159.582888,-141.961786,5.921703,11.123380,0.637248,1.000000
15400,false,-466.234318,-163.793276,-160.401920,-142.039122,5.991195,12.609164,0.669326,0.258042
15500,false,-463.675915,-163.335725,-158.812246,-141.527944,5.947658,13.483814,0.813971,0.000000
15600,false,-466.973251,-167.614672,-159.506538,-139.852041,5.930390,12.900958,0.494119,0.000000
15700,true,-456.060028,-157.836648,-158.727409,-139.495971,5.820521,11.147007,0.000306,0.000448
15800,false,-466.863807,-168.427279,-158.722024,-139.714504,5.918228,12.361528,0.767422,0.000000
15900,true,-467.980279,-168.733840,-159.294265,-139.952174,5.954142,11.458052,0.884933,1.344245
16000,true,-468.214480,-168.084661,-161.363121,-138.766698,5.934921,12.516084,0.039777,1.000000
16100,false,-464.377028,-163.804754,-161.998893,-138.573382,6.117787,11.292389,0.341156,0.301683
16200,true,-463.992156,-162.783524,-162.064611,-139.144021,6.049436,10.543010,0.726450,1.000000
16300,false,-464.020408,-164.316488,-161.760088,-137.943832,6.085001,11.916916,0.897457,0.000000
16400,false,-468.283717,-168.965663,-163.632009,-135.686045,5.943610,10.388393,0.986189,0.000000
16500,true,-471.440813,-170.440634,-163.949416,-137.050763,5.977246,9.990001,0.399448,0.967033
16600,false,-470.600231,-170.068088,-164.667101,-135.865041,5.966682,11.147799,0.541379,0.000000
16700,false,-472.615925,-171.261706,-164.778981,-136.575238,5.979126,10.906727,0.363242,0.000000
16800,false,-470.995528,-168.622804,-166.000593,-136.372131,5.964215,9.911618,0.939610,0.000040
16900,true,-468.794923,-169.757635,-163.958282,-135.079006,5.863213,10.497187,0.520214,1.000000
17000,true,-461.912095,-167.012227,-160.115490,-134.784379,5.948513,13.302358,0.756651,0.906760
17100,true,-468.530640,-166.324356,-164.913103,-137.293181,5.987014,11.148704,0.053181,1.000000
17200,true,-470.503143,-167.820704,-165.427037,-137.255402,5.991402,11.501285,0.240824,0.938452
17300,true,-468.830416,-168.949126,-163.454024,-136.427266,5.998131,10.463937,0.023982,1.012245
17400,false,-470.917511,-170.430887,-163.808899,-136.677725,5.961754,10.079458,0.898796,0.002581
17500,false,-471.145133,-170.351276,-163.754930,-137.038926,5.935845,9.691587,0.492469,0.001167
17600,false,-472.716947,-170.111665,-165.216920,-137.388363,5.960704,9.488511,0.522764,0.000000
17700,false,-472.706275,-170.070579,-165.162052,-137.473644,6.006813,10.769035,0.826898,0.000000
17800,true,-469.843689,-166.849517,-164.082282,-138.911890,6.029698,10.514252,0.159055,1.000000
17900,true,-475.646118,-172.617037,-163.902943,-139.126137,5.836526,10.330443,0.705730,1.000000
18000,false,-470.999562,-165.454979,-166.274031,-139.270552,6.043755,14.059739,0.518129,0.000000
18100,false,-475.474722,-170.079158,-165.917234,-139.478330,5.963350,11.584589,0.310839,0.000000
18200,false,-473.639592,-170.116100,-165.730639,-137.792853,5.863028,12.166006,0.325990,0.000000
18300,false,-471.818219,-168.270819,-164.900365,-138.647035,5.833436,10.455069,0.212125,0.000001
18400,false,-468.973095,-163.740881,-165.284961,-139.947252,5.888301,11.643838,0.117001,0.000000
18500,false,-474.092153,-169.151153,-164.575555,-140.365445,5.918776,12.380993,0.443533,0.001451
18600,false,-473.564887,-169.216461,-165.339028,-139.009398,5.893398,11.759773,0.968107,0.000000
18700,true,-463.179038,-161.951162,-163.917940,-137.309936,6.015117,11.796915,0.270476,0.703525
18800,false,-465.755621,-162.332253,-165.207253,-138.216114,5.853216,11.594213,0.674462,0.000000
18900,false,-468.841527,-164.099880,-165.951762,-138.789885,6.005506,13.599512,0.148673,0.071531
19000,false,-473.817337,-168.770202,-166.102316,-138.944819,5.932115,13.989424,0.866468,0.008278
19100,false,-471.368542,-167.041561,-164.889355,-139.437626,5.983125,13.633634,0.374379,0.000000
19200,false,-472.065808,-166.539466,-165.439928,-140.086413,5.928885,13.112643,0.568212,0.000000
19300,false,-473.097788,-167.637806,-165.182815,-140.277167,5.990720,13.922116,0.926038,0.000000
19400,true,-472.818822,-167.050606,-164.850746,-140.917470,5.997064,14.735169,0.697314,1.000000
19500,false,-476.463669,-169.542664,-165.970041,-140.950963,5.883278,12.328112,0.997324,0.000000
19600,true,-477.982193,-170.795606,-166.477561,-140.709026,5.976404,12.798180,0.006183,1.594890
19700,false,-478.068675,-170.690623,-166.386092,-140.991960,5.954687,14.433326,0.721607,0.000000
19800,false,-469.123145,-162.141139,-166.410604,-140.571402,6.062553,14.804613,0.964677,0.036431
19900,false,-474.445078,-167.058453,-166.312283,-141.074341,5.988458,12.417008,0.587810,0.000000
20000,false,-471.522750,-167.844472,-164.982338,-138.695940,5.816193,12.579936,0.084163,0.000000
20100,true,-468.553195,-167.329012,-162.384780,-138.839403,5.925457,13.446650,0.047679,0.326472
20200,false,-465.136944,-164.452077,-162.184925,-138.499942,5.892322,12.135026,0.183000,0.000000
20300,false,-463.649283,-162.232869,-163.636855,-137.779559,5.802846,12.532865,0.814463,0.502098
20400,true,-465.600516,-162.104796,-163.856916,-139.638805,5.894489,11.956042,0.093406,0.121868
20500,false,-469.404468,-163.402266,-164.369899,-141.632303,5.953247,12.953025,0.352988,0.000000
20600,false,-470.304022,-166.604772,-163.122413,-140.576837,5.947170,13.158037,0.309753,0.001062
20700,true,-474.434257,-169.598910,-164.290420,-140.544927,5.751435,11.165473,0.061154,0.896619
20800,true,-469.093124,-167.883079,-162.820729,-138.389316,5.818208,12.731186,0.078252,0.407672
20900,false,-474.619983,-173.712502,-163.745940,-137.161541,5.778836,10.854290,0.642820,0.000396
21000,false,-476.415293,-175.383622,-163.803143,-137.228529,5.793180,11.148830,0.428052,0.144853
21100,true,-470.701749,-166.075577,-164.555511,-140.070661,5.839156,14.296872,0.172114,0.180301
21200,false,-471.833876,-167.895685,-163.868258,-140.069933,5.803124,12.397149,0.643745,0.264131
21300,false,-472.517502,-170.298501,-164.181018,-138.037983,5.826356,13.564372,0.349132,0.000476
21400,false,-476.425835,-174.434131,-163.778416,-138.213287,5.750562,12.017779,0.679274,0.000000
21500,false,-473.123647,-171.533930,-162.637440,-138.952277,5.696787,11.929878,0.447056,0.000000
21600,false,-467.114536,-165.075168,-161.244683,-140.794684,5.817779,11.841810,0.013250,0.000000
21700,false,-468.115473,-163.442181,-162.446502,-142.226790,5.944797,13.520589,0.450669,0.000000
21800,false,-473.727369,-168.408226,-163.226256,-142.092886,5.908532,13.299598,0.445675,0.000040
21900,false,-475.602493,-169.313601,-164.209033,-142.079859,5.869577,12.545219,0.886284,0.000000
22000,false,-474.493131,-169.264671,-163.413828,-141.814633,5.935898,12.507510,0.336069,0.000000
22100,false,-474.891840,-169.484209,-163.603113,-141.804517,5.958600,12.421155,0.843077,0.000000
22200,true,-477.510521,-173.437619,-163.895247,-140.177655,5.834119,10.697489,0.783006,1.000000
22300,false,-477.608124,-171.811656,-164.329415,-141.467053,5.867623,11.301028,0.685820,0.146884
22400,false,-480.609545,-172.347211,-165.969863,-142.292472,5.825167,10.855303,0.245058,0.000000
22500,true,-478.512514,-170.080809,-165.453621,-142.978083,5.961016,12.507074,0.959029,1.000000
22600,true,-481.598509,-173.154401,-164.958943,-143.485166,5.935770,12.591141,0.103135,0.592130
22700,false,-481.985812,-172.296216,-166.823347,-142.866250,5.844333,12.879163,0.982513,0.000040
22800,true,-474.083851,-166.090538,-163.933865,-144.059448,5.910933,13.563803,0.664246,0.873492
22900,false,-474.974622,-165.516736,-165.149997,-144.307889,5.923573,12.755378,0.638333,0.487140
23000,false,-476.507678,-166.861699,-165.340091,-144.305888,5.916447,12.743913,0.106657,0.000000
23100,false,-478.854490,-169.481881,-165.824795,-143.547814,5.876125,10.013351,0.849161,0.038934
23200,false,-474.754681,-164.227803,-165.962021,-144.564857,6.021583,12.900648,0.866453,0.371991
23300,true,-482.922497,-172.838421,-164.506946,-145.577130,5.894084,14.184080,0.248053,4.668156
23400,false,-485.278022,-175.498760,-164.621093,-145.158170,5.878008,13.319608,0.965516,0.000052
23500,true,-487.775631,-175.651432,-166.220388,-145.903811,5.857147,12.382514,0.539624,1.000000
23600,false,-483.913013,-174.404801,-164.707540,-144.800672,5.871649,11.850223,0.780901,0.000000
23700,false,-485.157739,-173.928205,-165.227036,-146.002498,5.902558,13.155338,0.052629,0.005913
23800,false,-481.806058,-168.938033,-165.502843,-147.365183,5.986270,13.783028,0.755621,0.000317
23900,false,-479.109140,-168.937220,-164.248438,-145.923482,5.833572,13.448168,0.983948,0.070021
24000,false,-486.010404,-173.621439,-166.205870,-146.183095,5.841438,12.974288,0.550840,0.014969
24100,false,-480.511295,-168.953829,-165.051674,-146.505792,5.962078,13.861421,0.833988,0.602548
24200,false,-483.388510,-172.487627,-164.386523,-146.514361,5.922020,13.715129,0.139465,0.000000
24300,false,-477.908584,-165.937914,-162.801067,-149.169603,5.973664,14.308108,0.533475,0.000000
24400,false,-481.672635,-168.960012,-166.286240,-146.426383,5.968289,13.736950,0.341157,0.002809
24500,false,-481.548897,-167.020264,-168.007278,-146.521356,5.946310,13.709520,0.761667,0.022127
24600,false,-478.090116,-163.887556,-167.851258,-146.351302,6.002793,13.647219,0.298737,0.000000
24700,false,-478.042367,-163.649290,-167.513377,-146.879700,5.971661,14.360280,0.955963,0.000004
24800,false,-482.502106,-167.961169,-168.547844,-145.993093,6.000636,13.804067,0.396001,0.004827
24900,false,-484.004427,-168.844586,-168.875535,-146.284306,5.943113,14.580257,0.512926,0.258946
25000,false,-485.453651,-171.050925,-167.991303,-146.411423,5.924054,13.475291,0.116946,0.000000
25100,true,-480.707294,-165.129334,-168.193919,-147.384040,6.051137,15.074290,0.680705,1.023753
25200,true,-486.155758,-167.139678,-168.583895,-150.432185,5.926970,15.349113,0.346393,0.346749
25300,false,-490.471602,-170.516812,-169.730424,-150.224366,5.904764,13.917104,0.642869,0.000000
25400,true,-485.564552,-166.973362,-169.244435,-149.346755,5.908514,14.486343,0.612031,0.615732
25500,false,-480.261417,-161.389747,-169.923384,-148.948287,5.883490,14.085245,0.293644,0.000000
25600,false,-480.458668,-165.109658,-166.445248,-148.903763,5.835964,14.222143,0.767848,0.000000
25700,false,-484.225105,-167.236395,-168.932328,-148.056383,5.847074,13.844841,0.204558,0.000000
25800,false,-479.824610,-163.008619,-169.423332,-147.392659,5.949360,13.747239,0.618985,0.269961
25900,true,-483.042215,-167.634252,-167.449718,-147.958245,5.880377,14.256723,0.282490,0.339222
26000,true,-484.174987,-169.394779,-167.627705,-147.152503,5.878962,13.515895,0.987989,39.301274
26100,false,-483.225187,-166.184264,-169.778451,-147.262472,5.884187,13.737570,0.619130,0.000000
26200,false,-488.385843,-171.613658,-168.784113,-147.988072,5.737953,13.132963,0.722469,0.079302
26300,false,-488.953780,-172.168493,-169.024082,-147.761204,5.737625,12.920727,0.031839,0.001524
26400,false,-492.286595,-172.514352,-170.819824,-148.952419,5.724470,13.015753,0.144166,0.000000
26500,false,-487.685535,-171.677528,-169.315788,-146.692218,5.742701,13.325110,0.795919,0.115771
26600,false,-488.088001,-171.743273,-169.396688,-146.948040,5.758535,13.734566,0.439427,0.000000
26700,false,-486.920619,-169.027951,-170.261541,-147.631126,5.881255,13.874847,0.068288,0.011639
26800,false,-486.680267,-167.123297,-170.418840,-149.138130,5.893044,13.133690,0.491076,0.000000
26900,false,-494.796055,-174.648762,-169.812160,-150.335133,5.813098,12.937895,0.502565,0.000016
27000,false,-493.166227,-172.675040,-169.563317,-150.927870,5.820313,13.918205,0.651707,0.000000
27100,true,-492.997184,-175.406811,-170.344738,-147.245636,5.775343,14.257309,0.555554,1.000000
27200,false,-490.618253,-173.045732,-169.558937,-148.013584,5.731421,13.363816,0.958372,0.000000
27300,false,-492.627232,-173.844632,-168.685602,-150.096998,5.718659,13.856469,0.985140,0.000000
27400,true,-497.667735,-178.605960,-168.621697,-150.440078,5.709069,13.095418,0.288677,1.000000
27500,false,-493.313320,-174.935116,-169.013059,-149.365145,5.749676,13.243542,0.039591,0.000000
27600,false,-493.200594,-173.971862,-170.064917,-149.163815,5.793736,12.676499,0.958289,0.274095
27700,false,-491.165592,-172.351387,-170.240516,-148.573689,5.748238,12.839332,0.838260,0.000000
27800,false,-485.016801,-166.592707,-167.728696,-150.695398,5.740760,13.432151,0.259842,0.000029
27900,false,-480.828000,-165.208012,-167.292410,-148.327578,5.757604,13.844694,0.443705,0.000000
28000,false,-482.365461,-164.888406,-169.260467,-148.216588,5.741159,12.814980,0.443256,0.338982
28100,true,-491.740155,-174.601802,-168.436198,-148.702155,5.730555,13.265642,0.125201,1.044993
28200,false,-492.500802,-175.620543,-168.828337,-148.051922,5.733448,13.052704,0.637460,0.000000
28300,true,-492.981541,-177.407725,-167.113174,-148.460642,5.736864,13.412807,0.313674,0.358602
28400,true,-487.894897,-174.731442,-163.705616,-149.457840,5.709446,12.546274,0.213516,4.053400
28500,false,-493.652638,-179.966403,-164.470411,-149.215824,5.721162,12.882253,0.748022,0.000000
28600,false,-493.899961,-181.211571,-164.394806,-148.293584,5.694000,13.051527,0.089160,0.000000
28700,false,-492.842125,-179.466765,-165.785169,-147.590191,5.687592,13.542516,0.312864,0.000000
28800,false,-491.679784,-176.267840,-165.734678,-149.677266,5.695516,13.628778,0.474740,0.000000
28900,false,-492.693755,-178.042046,-164.517593,-150.134116,5.665769,13.545748,0.067676,0.001325
29000,false,-495.652532,-181.057468,-164.716992,-149.878073,5.750218,13.789704,0.560562,0.000002
29100,false,-494.977550,-178.812479,-169.162920,-147.002151,5.782627,13.801830,0.967346,0.000000
29200,false,-491.137578,-178.288473,-166.665402,-146.183703,5.733373,12.433261,0.645646,0.000000
29300,false,-487.485606,-173.869497,-168.554820,-145.061289,5.773090,14.164664,0.774130,0.000000
29400,false,-489.768998,-177.174417,-166.634021,-145.960560,5.696562,14.038653,0.207888,0.168932
29500,false,-482.809922,-168.138032,-167.565884,-147.106006,5.711079,14.436295,0.661014,0.000000
29600,false,-497.664326,-181.075374,-168.948797,-147.640155,5.699979,12.604368,0.415619,0.015737
29700,false,-498.146526,-182.370215,-168.696758,-147.079554,5.687546,12.711279,0.006484,0.000000
29800,false,-493.863704,-178.440382,-169.296050,-146.127272,5.742206,12.881259,0.580585,0.130660
29900,true,-497.071173,-178.243106,-168.794189,-150.033879,5.667823,12.851498,0.880701,1.000000
30000,false,-496.063651,-178.217176,-169.885103,-147.961373,5.737308,13.302490,0.052322,0.017825
30100,false,-490.805139,-173.240433,-169.755544,-147.809163,5.767670,14.073493,0.723084,0.000022
30200,true,-492.769737,-176.393068,-168.804706,-147.571962,5.758702,13.296799,0.053941,0.483366
30300,false,-496.880880,-180.809130,-168.590571,-147.481178,5.697325,13.146721,0.711297,0.000000
30400,false,-491.997364,-176.898700,-168.319874,-146.778789,5.767932,12.904430,0.959319,0.000000
30500,false,-492.553447,-176.288044,-169.782887,-146.482516,5.756999,12.843788,0.321643,0.016835
30600,false,-493.616123,-178.771396,-167.043302,-147.801425,5.674870,13.558797,0.511698,0.000125
30700,false,-488.371866,-174.049219,-166.523257,-147.799390,5.656286,13.368668,0.580866,0.003734
30800,false,-492.185525,-175.546783,-168.027960,-148.610782,5.653800,13.338155,0.483688,0.000571
30900,false,-490.506393,-175.534331,-167.718866,-147.253196,5.668399,12.557188,0.509355,0.000000
31000,false,-489.837653,-176.262149,-167.689464,-145.886040,5.681753,12.466953,0.278676,0.000000
31100,false,-485.024478,-170.170062,-168.823182,-146.031233,5.773815,14.481772,0.255762,0.001099
31200,false,-490.048535,-178.056461,-168.078356,-143.913718,5.721001,13.552139,0.973642,0.000000
31300,false,-494.829728,-181.716084,-169.052660,-144.060984,5.638639,13.136816,0.423015,0.000000
31400,true,-493.338920,-180.818380,-168.463922,-144.056618,5.710523,13.743190,0.303383,1.039981
31500,false,-494.031623,-181.860113,-167.998582,-144.172928,5.683045,13.928958,0.085750,0.072491
31600,false,-495.196222,-182.412026,-168.649546,-144.134650,5.689259,13.233088,0.086141,0.000066
31700,false,-498.248162,-185.959166,-168.465718,-143.823278,5.662584,13.026482,0.999135,0.000000
31800,true,-490.872249,-175.451042,-170.796068,-144.625139,5.714379,13.536714,0.590638,1.000000
31900,false,-495.681069,-178.024532,-171.242715,-146.413821,5.667947,13.128075,0.499117,0.000000
32000,false,-498.418700,-178.685894,-171.183659,-148.549147,5.644106,12.726927,0.344516,0.000000
32100,false,-493.807095,-175.418556,-170.357808,-148.030730,5.656399,11.802968,0.594060,0.001943
32200,false,-490.870128,-174.873331,-170.550328,-145.446470,5.742496,12.405580,0.884186,0.203770
32300,true,-493.152338,-176.437415,-170.820342,-145.894580,5.708793,12.347330,0.747797,1.031256
32400,false,-493.740366,-178.195120,-169.178048,-146.367197,5.717638,12.130477,0.946080,0.000000
32500,false,-492.173655,-178.069404,-167.995572,-146.108680,5.739709,12.217703,0.854088,0.003397
32600,false,-493.440544,-176.967048,-171.239486,-145.234010,5.674828,12.114694,0.599314,0.012896
32700,false,-494.848853,-180.649625,-171.080282,-143.118946,5.716202,12.843336,0.902481,0.011675
32800,false,-497.208024,-180.419641,-171.261747,-145.526636,5.671376,11.999698,0.819750,0.000000
32900,false,-498.915645,-180.911579,-171.670345,-146.333720,5.650593,12.106865,0.835583,0.000000
33000,false,-496.587830,-179.048139,-172.209884,-145.329807,5.662584,12.522444,0.005470,0.000189
33100,true,-499.031261,-179.068417,-172.023386,-147.939458,5.710591,11.996468,0.097736,1.127714
33200,false,-498.250397,-178.361172,-172.036038,-147.853187,5.734014,11.863078,0.933658,0.000000
33300,false,-499.688327,-179.053809,-172.042375,-148.592144,5.755369,12.118051,0.375097,0.019757
33400,false,-500.380671,-180.361996,-171.684004,-148.334671,5.739361,11.735635,0.658880,0.087583
33500,true,-496.449713,-179.584956,-170.615748,-146.249009,5.729686,12.417306,0.027127,0.095791
33600,true,-499.967390,-183.276418,-170.466414,-146.224558,5.732059,13.456258,0.852776,1.353225
33700,false,-493.704954,-179.109776,-169.323431,-145.271747,5.752899,13.829587,0.709485,0.000000
33800,false,-493.582501,-178.136881,-170.447392,-144.998228,5.779720,14.384139,0.085162,0.000000
33900,false,-493.555687,-178.810169,-169.310517,-145.435002,5.751273,13.562570,0.688328,0.000000
34000,false,-493.341574,-179.303841,-167.810276,-146.227457,5.717979,13.910778,0.546528,0.495436
34100,false,-494.443593,-182.004353,-166.249550,-146.189690,5.697652,13.089885,0.346020,0.000000
34200,false,-497.111721,-183.368072,-167.846807,-145.896842,5.685774,13.078003,0.711951,0.000000
34300,false,-493.522073,-180.584723,-167.127151,-145.810199,5.750690,13.067159,0.378242,0.285599
34400,false,-494.884908,-182.074935,-167.191350,-145.618623,5.687089,12.813976,0.446408,0.000000
34500,false,-491.926333,-177.163401,-167.153952,-147.608980,5.721778,13.593688,0.182514,0.006509
34600,false,-490.984489,-174.890539,-168.104636,-147.989314,5.753239,13.978405,0.051505,0.000000
34700,true,-489.894713,-173.846166,-168.474754,-147.573793,5.709656,14.146156,0.938118,1.044519
34800,false,-491.670553,-176.476655,-168.115477,-147.078421,5.766634,14.423104,0.753598,0.000000
34900,false,-494.642191,-179.575720,-168.070973,-146.995498,5.683817,13.099173,0.877433,0.000000
35000,false,-494.226168,-179.950492,-167.145705,-147.129971,5.664496,13.101710,0.133333,0.000000
35100,false,-491.812267,-175.986752,-168.491815,-147.333699,5.609563,13.437466,0.248668,0.000000
35200,false,-496.252509,-179.007265,-169.896048,-147.349196,5.662343,13.047613,0.996584,0.000000
35300,false,-495.167857,-179.802579,-168.664109,-146.701169,5.724477,13.035471,0.470014,0.000000
35400,true,-493.748350,-179.528741,-167.729747,-146.489862,5.689930,13.704827,0.186805,1.828844
35500,false,-492.331958,-178.862507,-167.080644,-146.388807,5.690170,13.228695,0.975185,0.001096
35600,false,-500.519781,-185.111017,-169.743499,-145.665265,5.663552,13.381981,0.838776,0.000000
35700,false,-496.301719,-181.499387,-169.316427,-145.485906,5.776392,13.265643,0.250383,0.000000
35800,false,-487.288805,-176.165366,-165.781489,-145.341950,5.742158,13.108801,0.573772,0.000000
35900,true,-484.796314,-172.629665,-166.836532,-145.330117,5.681651,13.016173,0.562658,0.590883
36000,false,-486.686157,-174.828618,-166.903639,-144.953900,5.698292,13.689983,0.136122,0.000000
36100,false,-491.774076,-178.425426,-168.666531,-144.682119,5.686639,13.196650,0.879674,0.000000
36200,false,-490.538166,-177.057688,-168.757117,-144.723362,5.630308,13.690928,0.971184,0.000000
36300,false,-491.362880,-177.708837,-168.124988,-145.529056,5.719077,13.873797,0.480891,0.000000
36400,false,-490.989222,-176.530171,-169.586755,-144.872296,5.724489,14.011572,0.244725,0.004136
36500,false,-490.905152,-176.551848,-168.814507,-145.538797,5.714815,14.109922,0.760141,0.000002
36600,false,-489.087140,-176.193556,-167.313993,-145.579591,5.796977,13.675034,0.803704,0.000000
36700,false,-489.444424,-176.917082,-166.538732,-145.988609,5.711734,13.488033,0.719621,0.188152
36800,true,-491.837506,-176.562930,-168.482890,-146.791686,5.773907,13.419208,0.578464,1.027681
36900,false,-493.931729,-178.303965,-168.810524,-146.817241,5.723605,13.611909,0.655281,0.000004
37000,false,-495.292127,-180.159738,-168.757432,-146.374958,5.703933,13.329071,0.926329,0.035792
37100,false,-495.347769,-181.073185,-168.601245,-145.673339,5.686493,13.087764,0.533632,0.000000
37200,false,-497.880079,-182.643800,-169.611130,-145.625149,5.691694,13.189883,0.416608,0.138634
37300,false,-498.257640,-182.672711,-169.968315,-145.616614,5.699105,13.237079,0.559947,0.000000
37400,true,-497.532503,-182.854667,-170.330731,-144.347105,5.724160,13.600481,0.557004,2.284305
37500,false,-496.370776,-182.903855,-169.417045,-144.049877,5.721634,13.751681,0.437877,0.000000
37600,false,-491.655201,-178.792564,-169.145200,-143.717438,5.733993,14.363324,0.961433,0.004237
37700,false,-491.579460,-177.112664,-170.371627,-144.095169,5.772635,14.514789,0.820468,0.000031
37800,false,-496.269822,-181.360367,-170.267649,-144.641806,5.684486,12.688783,0.459242,0.000000
37900,false,-499.270169,-185.005799,-169.759769,-144.504600,5.701550,13.313024,0.452589,0.000000
38000,false,-492.335440,-177.225985,-169.195845,-145.913610,5.718795,14.246997,0.645841,0.044086
38100,true,-492.949521,-179.051164,-168.215356,-145.683001,5.716117,13.354926,0.504763,1.000000
38200,false,-491.418303,-176.977098,-168.104586,-146.336619,5.785752,13.575326,0.374738,0.076955
38300,false,-490.218007,-176.626763,-168.019525,-145.571720,5.717993,13.540897,0.598404,0.000001
38400,true,-491.935023,-176.423902,-170.136358,-145.374763,5.813331,13.746855,0.690977,0.943255
38500,true,-494.556375,-180.596074,-169.052599,-144.907702,5.720480,13.890519,0.022463,1.000000
38600,false,-492.352515,-178.413126,-169.090789,-144.848600,5.678623,13.799415,0.705990,0.000000
38700,false,-497.700887,-184.840796,-167.867760,-144.992331,5.717653,13.452939,0.641475,0.000000
38800,false,-492.748592,-179.484296,-168.372372,-144.891924,5.727696,13.034024,0.913845,0.002613
38900,false,-492.030826,-178.231961,-168.903719,-144.895147,5.784558,13.173082,0.995022,0.000185
39000,true,-490.580515,-176.293059,-169.291972,-144.995483,5.763213,13.380170,0.448911,1.000000
39100,false,-489.033491,-177.502839,-167.732255,-143.798397,5.707445,13.160069,0.088590,0.000000
39200,false,-493.518804,-180.995752,-167.772546,-144.750506,5.721970,14.002168,0.784924,0.000000
39300,false,-496.202514,-183.728719,-167.847072,-144.626723,5.739524,13.578247,0.375840,0.009893
39400,false,-493.105647,-181.572699,-167.095796,-144.437152,5.675797,13.514418,0.375454,0.000000
39500,false,-494.762589,-182.517354,-167.736174,-144.509060,5.654616,13.524103,0.432287,0.000002
39600,false,-495.398055,-183.267353,-167.979345,-144.151357,5.664386,13.048597,0.735789,0.000000
39700,false,-493.460390,-178.872527,-169.708341,-144.879522,5.748766,13.180003,0.820377,0.000000
39800,false,-495.036976,-179.992276,-170.150667,-144.894033,5.777451,13.241302,0.466220,0.000000
39900,false,-495.470646,-180.131452,-170.594785,-144.744409,5.674780,12.661755,0.645978,0.228818
40000,false,-498.143259,-183.629397,-170.272593,-144.241270,5.673624,13.065359,0.716727,0.000000
