A,R,N,D,C,Q,E,G,H,I,L,K,M,F,P,S,T,W,Y,V
1.55,2.03,1.85,1.67,2.5,2.09,1.79,2.27,2.39,3.52,2.86,1.85,2.74,3.04,2.03,1.73,1.97,3.1,2.8,2.56
2.03,2.56,2.44,2.33,3.16,2.68,2.5,2.68,2.92,3.7,3.04,2.15,2.98,3.46,2.5,2.27,2.39,3.46,3.34,2.92
1.85,2.44,1.91,1.85,2.92,2.27,2.03,2.39,2.62,3.46,2.74,1.97,2.5,2.98,2.15,1.85,2.09,3.16,2.98,2.56
1.67,2.33,1.85,1.61,2.5,1.91,1.97,2.21,2.56,3.22,2.56,1.91,2.56,2.92,1.97,1.61,1.85,3.04,2.8,2.39
2.5,3.16,2.92,2.5,4.23,2.98,2.62,3.22,3.34,4.35,3.7,2.62,3.7,4.05,3.16,2.74,2.86,4.11,3.94,3.58
2.09,2.68,2.27,1.91,2.98,2.03,2.15,2.62,2.8,3.52,2.98,2.21,2.09,3.16,2.39,2.15,2.21,3.46,3.1,2.8
1.79,2.5,2.03,1.97,2.62,2.15,1.67,2.27,2.68,3.4,2.74,2.27,2.74,2.98,2.09,1.91,1.97,3.1,2.92,2.5
2.27,2.68,2.39,2.21,3.22,2.62,2.27,2.33,2.8,3.76,3.1,2.27,3.04,3.34,2.5,2.27,2.44,3.46,3.22,3.04
2.39,2.92,2.62,2.56,3.34,2.8,2.68,2.8,2.92,3.94,3.34,2.44,3.22,3.82,2.68,2.56,2.68,3.88,3.64,3.16
3.52,3.7,3.46,3.22,4.35,3.52,3.4,3.76,3.94,4.89,4.47,3.34,4.41,4.77,3.58,3.28,3.52,4.65,4.41,4.35
2.86,3.04,2.74,2.56,3.7,2.98,2.74,3.1,3.34,4.47,3.58,2.74,3.76,4.17,2.86,2.62,2.86,4.05,3.7,3.7
1.85,2.15,1.97,1.91,2.62,2.21,2.27,2.27,2.44,3.34,2.74,1.61,2.8,2.92,2.15,1.79,1.97,2.98,2.92,2.5
2.74,2.98,2.5,2.56,3.7,2.09,2.74,3.04,3.22,4.41,3.76,2.8,3.46,3.94,3.04,2.44,2.74,4.11,3.64,3.58
3.04,3.46,2.98,2.92,4.05,3.16,2.98,3.34,3.82,4.77,4.17,2.92,3.94,4.23,3.1,2.8,3.04,4.41,3.94,3.88
2.03,2.5,2.15,1.97,3.16,2.39,2.09,2.5,2.68,3.58,2.86,2.15,3.04,3.1,2.09,2.03,2.15,3.34,3.1,2.8
1.73,2.27,1.85,1.61,2.74,2.15,1.91,2.27,2.56,3.28,2.62,1.79,2.44,2.8,2.03,1.49,1.97,2.98,2.8,2.5
1.97,2.39,2.09,1.85,2.86,2.21,1.97,2.44,2.68,3.52,2.86,1.97,2.74,3.04,2.15,1.97,1.85,3.04,2.92,2.62
3.1,3.46,3.16,3.04,4.11,3.46,3.1,3.46,3.88,4.65,4.05,2.98,4.11,4.41,3.34,2.98,3.04,4.05,4.05,3.88
2.8,3.34,2.98,2.8,3.94,3.1,2.92,3.22,3.64,4.41,3.7,2.92,3.64,3.94,3.1,2.8,2.92,4.05,3.58,3.52
2.56,2.92,2.56,2.39,3.58,2.8,2.5,3.04,3.16,4.35,3.7,2.5,3.58,3.88,2.8,2.5,2.62,3.88,3.52,3.28
